Metric,Canonical,MAT
MAE,0.75997376,0.7612264752388
IC,0.01074136813488745,0.0110134097354566
DM_P_Value,-,0.0
IC_T_P_Value,-,0.867834142902474
