Metric,Canonical,MAT
MAE_Daily_Mean,0.7600066661834717,0.7611401677131653
IC_Daily_Mean,0.013999671670788845,0.014748272918755911
DM_pvalue_Challenger_vs_Baseline,-,0.034587602268004725
IC_pvalue_Difference,-,0.8678341429024733
IC_n_days,1915,1915.0
MAE_n_days,1915,1915.0
